model Year,manufacturer,carline,displacement,cylinders,city,highway,combined,guzzler 
2014,aston martin,V8 Vantage,4.7,8,14,21,16,G
2014,aston martin,V8 Vantage,4.7,8,13,19,15,G
2014,aston martin,V8 Vantage S,4.7,8,14,21,16,G
2014,aston martin,V8 Vantage S,4.7,8,13,19,15,G
2014,Audi,R8,4.2,8,14,23,17,G
2014,Audi,R8,4.2,8,11,20,14,G
2014,Audi,R8,5.2,10,13,22,16,G
2014,Audi,R8,5.2,10,12,19,14,G
2014,Audi,R8 Spyder,4.2,8,14,23,17,G
2014,Audi,R8 Spyder,4.2,8,11,20,14,G
2014,Audi,R8 Spyder,5.2,10,13,22,16,G
2014,Audi,R8 Spyder,5.2,10,12,19,14,G
2014,Audi,TT Roadster quattro,2,4,22,31,26,
2014,BMW,Z4 sDrive28i,2,4,22,33,26,
2014,BMW,Z4 sDrive28i,2,4,22,34,26,
2014,BMW,Z4 sDrive35i,3,6,17,24,20,
2014,BMW,Z4 sDrive35i,3,6,19,26,21,
2014,BMW,Z4 sDrive35is,3,6,17,24,20,
2014,Bugatti,Veyron,8,16,8,15,10,G
2014,General Motors,CORVETTE,6.2,8,16,28,20,
2014,General Motors,CORVETTE,6.2,8,17,29,21,
2014,Ferrari,458 Italia,4.5,8,13,17,14,G
2014,Ferrari,458 Italia,4.5,8,13,17,15,G
2014,Ferrari,458 Spider,4.5,8,13,17,14,G
2014,Ferrari,458 Spider,4.5,8,13,17,15,G
2014,Ferrari,F12,6.3,12,11,16,13,G
2014,Ferrari,F12,6.3,12,12,16,13,G
2014,Honda,CR-Z,1.5,4,36,39,37,
2014,Honda,CR-Z,1.5,4,31,38,34,
2014,Jaguar Land Rover L,F-TYPE Convertible,3,6,20,28,23,
2014,Jaguar Land Rover L,F-TYPE S Convertible,3,6,19,27,22,
2014,Jaguar Land Rover L,F-TYPE V8 S Convertible,5,8,16,23,18,
2014,Lamborghini,Aventador Coupe,6.5,12,11,18,13,G
2014,Lamborghini,Aventador Roadster,6.5,12,10,16,12,G
2014,Lamborghini,Aventador Veneno Coupe,6.5,12,11,17,13,G
2014,Lamborghini,Gallardo Coupe,5.2,10,13,20,16,G
2014,Lamborghini,Gallardo Coupe,5.2,10,12,20,15,G
2014,Lamborghini,Gallardo Spyder,5.2,10,13,20,16,G
2014,Lamborghini,Gallardo Spyder,5.2,10,12,20,14,G
2014,MAZDA,MX-5,2,4,21,28,23,
2014,MAZDA,MX-5,2,4,22,28,25,
2014,MAZDA,MX-5,2,4,21,28,24,
2014,Mercedes-Benz,SL 550,4.7,8,18,25,20,
2014,Mercedes-Benz,SL 63 AMG,5.5,8,16,25,19,
2014,Mercedes-Benz,SL 65 AMG,6,12,14,21,17,G
2014,Mercedes-Benz,SLK 250,1.8,4,23,33,26,
2014,Mercedes-Benz,SLK 250,1.8,4,22,32,26,
2014,Mercedes-Benz,SLK 350,3.5,6,21,29,24,
2014,Mercedes-Benz,SLK 55 AMG,5.5,8,19,28,22,
2014,Mercedes-Benz,SLS AMG Black Series Coupe,6.2,8,13,17,14,G
2014,Mercedes-Benz,SLS AMG Coupe,6.2,8,13,19,15,G
2014,Mercedes-Benz,SLS AMG GT Coupe,6.2,8,13,19,15,G
2014,Mercedes-Benz,SLS AMG GT Roadster,6.2,8,13,19,15,G
2014,Mercedes-Benz,SLS AMG Roadster,6.2,8,13,19,15,G
2014,Mercedes-Benz,Smart fortwo (Convertible),1,3,34,38,36,
2014,Mercedes-Benz,Smart fortwo (COUPE),1,3,34,38,36,
2014,BMW,Mini Cooper Clubvan,1.6,4,27,35,30,
2014,BMW,Mini Cooper Clubvan,1.6,4,28,35,31,
2014,BMW,Mini Cooper Coupe,1.6,4,28,36,31,
2014,BMW,Mini Cooper Coupe,1.6,4,29,37,32,
2014,BMW,Mini Cooper Roadster,1.6,4,27,35,30,
2014,BMW,Mini Cooper Roadster,1.6,4,28,35,31,
2014,BMW,Mini Cooper S Coupe,1.6,4,26,35,30,
2014,BMW,Mini Cooper S Coupe,1.6,4,26,35,30,
2014,BMW,Mini Cooper S Roadster,1.6,4,26,35,30,
2014,BMW,Mini Cooper S Roadster,1.6,4,26,35,30,
2014,BMW,Mini John Cooper Works Coupe,1.6,4,26,35,30,
2014,BMW,Mini John Cooper Works Coupe,1.6,4,26,35,30,
2014,BMW,Mini John Cooper Works Roadster,1.6,4,26,35,30,
2014,BMW,Mini John Cooper Works Roadster,1.6,4,26,35,30,
2014,Nissan,370Z,3.7,6,19,26,22,
2014,Nissan,370Z,3.7,6,18,26,21,
2014,Nissan,370Z Roadster,3.7,6,18,25,21,
2014,Nissan,370Z Roadster,3.7,6,17,25,20,
2014,Porsche,911 GT3,3.8,6,15,20,17,G
2014,Porsche,Boxster,2.7,6,22,32,26,
2014,Porsche,Boxster,2.7,6,20,30,24,
2014,Porsche,Boxster S,3.4,6,21,30,24,
2014,Porsche,Boxster S,3.4,6,20,28,23,
2014,Porsche,Cayman,2.7,6,22,32,26,
2014,Porsche,Cayman,2.7,6,20,30,24,
2014,Porsche,Cayman S,3.4,6,21,30,24,
2014,Porsche,Cayman S,3.4,6,20,28,23,
2014,Chrysler Group LLC,Viper,8.4,10,12,19,15,G
2014,aston martin,DB9,5.9,12,13,19,15,G
2014,aston martin,Vanquish,5.9,12,13,19,15,G
2014,Ferrari,Ferrari California,4.3,8,13,19,15,G
2014,Ferrari,Ferrari California,4.3,8,14,19,16,G
2014,Chrysler Group LLC,500,1.4,4,27,34,30,
2014,Chrysler Group LLC,500,1.4,4,28,34,30,
2014,Chrysler Group LLC,500,1.4,4,31,40,34,
2014,Chrysler Group LLC,500 Abarth,1.4,4,28,34,30,
2014,Jaguar Land Rover L,XK,5,8,16,24,19,
2014,Jaguar Land Rover L,XK,5,8,15,22,18,
2014,Jaguar Land Rover L,XK Convertible,5,8,16,22,18,
2014,Jaguar Land Rover L,XK Convertible,5,8,15,22,17,
2014,Lotus,Evora,3.5,6,19,28,22,
2014,Lotus,Evora,3.5,6,19,28,22,
2014,Lotus,Evora,3.5,6,18,26,21,
2014,Lotus,Evora,3.5,6,17,26,20,
2014,BMW,Mini Cooper Convertible,1.6,4,27,35,30,
2014,BMW,Mini Cooper Convertible,1.6,4,28,35,31,
2014,BMW,Mini Cooper S Convertible,1.6,4,26,35,30,
2014,BMW,Mini Cooper S Convertible,1.6,4,26,35,30,
2014,BMW,Mini John Cooper Works Conv.,1.6,4,26,35,30,
2014,BMW,Mini John Cooper Works Conv.,1.6,4,26,35,30,
2014,Porsche,911 Carrera,3.4,6,20,28,23,
2014,Porsche,911 Carrera,3.4,6,19,27,22,
2014,Porsche,911 Carrera 4,3.4,6,20,28,23,
2014,Porsche,911 Carrera 4,3.4,6,19,27,22,
2014,Porsche,911 Carrera 4 Cabriolet,3.4,6,20,27,22,
2014,Porsche,911 Carrera 4 Cabriolet,3.4,6,19,26,21,
2014,Porsche,911 Carrera 4S,3.8,6,19,26,22,
2014,Porsche,911 Carrera 4S,3.8,6,18,26,21,
2014,Porsche,911 Carrera 4S Cabriolet,3.8,6,19,26,21,
2014,Porsche,911 Carrera 4S Cabriolet,3.8,6,18,26,21,
2014,Porsche,911 Carrera Cabriolet,3.4,6,20,28,23,
2014,Porsche,911 Carrera Cabriolet,3.4,6,19,27,22,
2014,Porsche,911 Carrera S,3.8,6,19,27,22,
2014,Porsche,911 Carrera S,3.8,6,19,27,22,
2014,Porsche,911 Carrera S Cabriolet,3.8,6,19,27,22,
2014,Porsche,911 Carrera S Cabriolet,3.8,6,19,27,22,
2014,Porsche,911 Targa 4,3.4,6,19,26,22,
2014,Porsche,911 Targa 4,3.4,6,18,26,21,
2014,Porsche,911 Targa 4S,3.8,6,18,25,21,
2014,Porsche,911 Targa 4S,3.8,6,18,26,21,
2014,Porsche,911 Turbo,3.8,6,17,24,20,
2014,Porsche,911 Turbo Cabriolet,3.8,6,17,24,20,
2014,Porsche,911 Turbo S,3.8,6,17,24,20,
2014,Porsche,911 Turbo S Cabriolet,3.8,6,17,24,20,
2014,Toyota,FR-S,2,4,25,34,28,
2014,Toyota,FR-S,2,4,22,30,25,
2014,Toyota,iQ,1.3,4,36,37,37,
2014,Subaru,BRZ,2,4,25,34,28,
2014,Subaru,BRZ,2,4,22,30,25,
2014,aston martin,Rapide S,5.9,12,13,19,15,G
2014,Audi,A5 Cabriolet,2,4,24,32,27,
2014,Audi,A5 Cabriolet quattro,2,4,20,29,24,
2014,Audi,A5 quattro,2,4,20,29,24,
2014,Audi,A5 quattro,2,4,22,32,26,
2014,Audi,RS5,4.2,8,16,23,18,
2014,Audi,RS5 Cabriolet,4.2,8,16,22,18,
2014,Audi,S5,3,6,18,28,21,
2014,Audi,S5,3,6,17,26,20,
2014,Audi,S5 Cabriolet,3,6,18,26,21,
2014,Audi,TT Coupe quattro,2,4,22,31,26,
2014,Bentley,Continental GT Speed Convertible,6,12,12,20,15,G
2014,Bentley,Continental GTC,4,8,14,24,17,G
2014,Bentley,Continental GTC,6,12,12,20,15,G
2014,BMW,640i Convertible,3,6,20,30,24,
2014,BMW,640i Coupe,3,6,22,32,25,
2014,BMW,640i xDrive Convertible,3,6,20,29,23,
2014,BMW,640i xDrive Coupe,3,6,20,29,23,
2014,BMW,650i Convertible,4.4,8,17,25,20,
2014,BMW,650i Coupe,4.4,8,17,25,20,
2014,BMW,650i xDrive Convertible,4.4,8,16,24,19,
2014,BMW,650i xDrive Coupe,4.4,8,16,24,19,
2014,BMW,M6 Convertible,4.4,8,14,20,16,G
2014,BMW,M6 Convertible,4.4,8,15,22,17,G
2014,BMW,M6 Coupe,4.4,8,14,20,16,G
2014,BMW,M6 Coupe,4.4,8,15,22,17,G
2014,General Motors,SPARK,1.2,4,30,39,34,
2014,General Motors,SPARK,1.2,4,31,39,34,
2014,Ford Motor Company,Fiesta FWD,1.6,4,29,39,32,
2014,Ford Motor Company,Fiesta FWD,1.6,4,27,38,31,
2014,Ford Motor Company,Fiesta SFE FWD,1,3,32,45,37,
2014,Ford Motor Company,Fiesta SFE FWD,1.6,4,30,41,34,
2014,Ford Motor Company,MUSTANG,3.7,6,19,31,23,
2014,Ford Motor Company,MUSTANG,3.7,6,19,29,22,
2014,Ford Motor Company,MUSTANG,5,8,18,25,20,
2014,Ford Motor Company,MUSTANG,5,8,15,26,19,
2014,Ford Motor Company,MUSTANG,5.8,8,15,24,18,
2014,Ford Motor Company,MUSTANG CONVERTIBLE,3.7,6,19,30,23,
2014,Nissan,Q60 AWD Coupe,3.7,6,18,25,20,
2014,Nissan,Q60 Convertible,3.7,6,18,26,20,
2014,Nissan,Q60 Convertible,3.7,6,16,24,19,
2014,Nissan,Q60 Coupe,3.7,6,19,27,22,
2014,Nissan,Q60 Coupe,3.7,6,17,25,20,
2014,Toyota,IS 250 C,2.5,6,21,30,24,
2014,Toyota,IS 350 C,3.5,6,19,27,22,
2014,Toyota,IS F,5,8,16,23,18,
2014,Maserati,GRANTURISMO,4.7,8,13,21,16,G
2014,Maserati,GRANTURISMO CONVERTIBLE,4.7,8,13,20,15,G
2014,Mercedes-Benz,C 250 (Coupe),1.8,4,22,31,25,
2014,Mercedes-Benz,C 350 (Coupe),3.5,6,20,28,23,
2014,Mercedes-Benz,C 350 4MATIC (Coupe),3.5,6,19,27,22,
2014,Mercedes-Benz,C 63 AMG Coupe,6.2,8,13,19,15,G
2014,Mercedes-Benz,E 350 (convertible),3.5,6,20,28,23,
2014,Mercedes-Benz,E 350 (convertible),3.5,6,19,28,22,
2014,Mercedes-Benz,E 350 (coupe),3.5,6,20,30,24,
2014,Mercedes-Benz,E 350 (coupe),3.5,6,20,29,23,
2014,Mercedes-Benz,E 350 (coupe),3.5,6,20,28,23,
2014,Mercedes-Benz,E 350 4MATIC (coupe),3.5,6,20,28,23,
2014,Mercedes-Benz,E 350 4MATIC (coupe),3.5,6,20,28,23,
2014,Mercedes-Benz,E 350 4MATIC (coupe),3.5,6,20,28,23,
2014,Mercedes-Benz,E 550 (convertible),4.7,8,17,26,20,
2014,Mercedes-Benz,E 550 (coupe),4.7,8,18,26,21,
2014,BMW,Mini Cooper Clubman,1.6,4,27,35,30,
2014,BMW,Mini Cooper Clubman,1.6,4,28,35,31,
2014,BMW,Mini Cooper S Clubman,1.6,4,26,35,30,
2014,BMW,Mini Cooper S Clubman,1.6,4,26,35,30,
2014,BMW,Mini John Cooper Works Clubman,1.6,4,26,35,30,
2014,BMW,Mini John Cooper Works Clubman,1.6,4,26,35,30,
2014,Nissan,GT-R,3.8,6,16,23,19,
2014,Roush,Roush Stage 3 Mustang,5,8,16,23,18,
2014,Roush,Roush Stage 3 Mustang,5,8,14,22,17,G
2014,Toyota,xD,1.8,4,27,33,29,
2014,Toyota,xD,1.8,4,27,33,29,
2014,Volkswagen,BEETLE CONVERTIBLE,2,4,28,37,31,
2014,Volkswagen,BEETLE CONVERTIBLE,2,4,23,29,25,
2014,Volkswagen,BEETLE CONVERTIBLE,2,4,28,41,32,
2014,Volkswagen,BEETLE CONVERTIBLE,2,4,23,31,26,
2014,Volkswagen,BEETLE CONVERTIBLE,2.5,5,21,27,23,
2014,Volkswagen,Eos,2,4,22,30,25,
2014,Honda,ILX,1.5,4,39,38,38,
2014,Honda,ILX,2,4,24,35,28,
2014,Honda,ILX,2.4,4,22,31,25,
2014,Honda,TSX,2.4,4,22,31,26,
2014,Honda,TSX,2.4,4,21,29,24,
2014,Honda,TSX,3.5,6,19,28,23,
2014,Audi,A4,2,4,24,32,27,
2014,Audi,A4 quattro,2,4,20,29,24,
2014,Audi,A4 quattro,2,4,22,32,26,
2014,Audi,S4,3,6,18,28,21,
2014,Audi,S4,3,6,17,26,20,
2014,Bentley,Continental GT,4,8,15,24,18,
2014,Bentley,Continental GT,6,12,12,21,15,G
2014,BMW,320i,2,4,24,36,28,
2014,BMW,320i,2,4,23,36,27,
2014,BMW,320i xDrive,2,4,23,35,27,
2014,BMW,328d,2,4,32,45,37,
2014,BMW,328d xDrive,2,4,31,43,35,
2014,BMW,328i,2,4,23,35,27,
2014,BMW,328i,2,4,22,34,26,
2014,BMW,328i xDrive,2,4,22,33,26,
2014,BMW,335i,3,6,22,32,25,
2014,BMW,335i,3,6,20,30,23,
2014,BMW,335i xDrive,3,6,20,30,24,
2014,BMW,335i xDrive,3,6,20,28,23,
2014,BMW,428i Coupe,2,4,23,35,27,
2014,BMW,428i Coupe,2,4,22,34,26,
2014,BMW,428i xDrive Coupe,2,4,22,33,26,
2014,BMW,435i Coupe,3,6,22,32,25,
2014,BMW,435i Coupe,3,6,20,30,23,
2014,BMW,435i xDrive Coupe,3,6,20,30,24,
2014,BMW,435i xDrive Coupe,3,6,20,28,23,
2014,BMW,640i Gran Coupe,3,6,20,30,24,
2014,BMW,640i xDrive Gran Coupe,3,6,20,29,23,
2014,BMW,650i Gran Coupe,4.4,8,17,25,20,
2014,BMW,650i xDrive Gran Coupe,4.4,8,16,24,19,
2014,BMW,ActiveHybrid 3,3,6,25,33,28,
2014,BMW,M6 Gran Coupe,4.4,8,14,20,16,G
2014,BMW,M6 Gran Coupe,4.4,8,15,22,17,G
2014,General Motors,VERANO,2,4,21,30,24,
2014,General Motors,VERANO,2,4,20,31,24,
2014,General Motors,VERANO,2.4,4,21,32,25,
2014,General Motors,ATS,2,4,21,31,24,
2014,General Motors,ATS,2,4,19,30,23,
2014,General Motors,ATS,2.5,4,22,33,26,
2014,General Motors,ATS,3.6,6,18,28,22,
2014,General Motors,ATS AWD,2,4,20,29,23,
2014,General Motors,ATS AWD,3.6,6,18,26,21,
2014,General Motors,CAMARO,3.6,6,19,30,22,
2014,General Motors,CAMARO,3.6,6,18,27,21,
2014,General Motors,CAMARO,3.6,6,17,28,20,
2014,General Motors,CAMARO,6.2,8,15,24,18,
2014,General Motors,CAMARO,6.2,8,12,18,14,G
2014,General Motors,CAMARO,6.2,8,14,19,16,G
2014,General Motors,CAMARO,6.2,8,16,24,19,
2014,General Motors,SONIC,1.4,4,27,37,31,
2014,General Motors,SONIC,1.4,4,29,40,33,
2014,General Motors,SONIC,1.8,4,25,35,28,
2014,General Motors,SONIC,1.8,4,26,35,30,
2014,General Motors,SONIC RS,1.4,4,25,33,28,
2014,General Motors,SONIC RS,1.4,4,27,34,30,
2014,Chrysler Group LLC,200 Convertible,2.4,4,18,29,22,
2014,Chrysler Group LLC,200 Convertible,3.6,6,19,29,22,
2014,Ford Motor Company,Fiesta ST FWD,1.6,4,26,35,29,
2014,Ford Motor Company,FOCUS FWD,2,4,27,37,31,
2014,Ford Motor Company,FOCUS FWD,2,4,27,37,31,
2014,Ford Motor Company,FOCUS FWD,2,4,26,36,30,
2014,Ford Motor Company,FOCUS FWD,2,4,23,32,26,
2014,Ford Motor Company,Focus FWD FFV,2,4,26,37,30,
2014,Ford Motor Company,Focus FWD FFV,2,4,26,37,30,
2014,Ford Motor Company,Focus FWD FFV,2,4,26,36,30,
2014,Ford Motor Company,Focus SFE FWD FFV,2,4,28,40,33,
2014,Honda,INSIGHT,1.3,4,41,44,42,
2014,Honda,INSIGHT,1.3,4,41,44,42,
2014,Hyundai,Veloster,1.6,4,24,31,27,
2014,Hyundai,Veloster,1.6,4,24,33,28,
2014,Nissan,Q50 HYBRID,3.5,6,29,36,31,
2014,Nissan,Q50 HYBRID AWD,3.5,6,28,35,30,
2014,Nissan,Q50S HYBRID,3.5,6,28,34,30,
2014,Nissan,Q50S HYBRID AWD,3.5,6,27,31,28,
2014,Kia,Rio,1.6,4,27,37,31,
2014,Kia,Rio,1.6,4,27,37,31,
2014,Kia,Rio ECO,1.6,4,28,37,31,
2014,Toyota,CT 200h,1.8,4,43,40,42,
2014,Toyota,IS 250,2.5,6,21,30,24,
2014,Toyota,IS 250 AWD,2.5,6,20,27,23,
2014,Toyota,IS 350,3.5,6,19,28,22,
2014,Toyota,IS 350 AWD,3.5,6,19,26,21,
2014,MAZDA,MAZDA 2,1.5,4,28,34,30,
2014,MAZDA,MAZDA 2,1.5,4,29,35,32,
2014,MAZDA,MAZDA3 4-Door,2,4,30,41,34,
2014,MAZDA,MAZDA3 4-Door,2,4,29,41,33,
2014,MAZDA,MAZDA3 4-Door,2.5,4,28,39,32,
2014,MAZDA,MAZDA3 4-Door,2.5,4,28,39,32,
2014,Mercedes-Benz,C 250,1.8,4,22,31,25,
2014,Mercedes-Benz,C 300 4MATIC,3.5,6,20,29,23,
2014,Mercedes-Benz,C 300 4MATIC,3.5,6,20,27,22,
2014,Mercedes-Benz,C 300 4MATIC,3.5,6,20,27,22,
2014,Mercedes-Benz,C 350,3.5,6,20,29,24,
2014,Mercedes-Benz,C 350,3.5,6,20,29,23,
2014,Mercedes-Benz,C 350,3.5,6,20,29,23,
2014,Mercedes-Benz,C 63 AMG,6.2,8,13,19,15,G
2014,Mercedes-Benz,CL 550 4MATIC,4.7,8,15,24,18,
2014,Mercedes-Benz,CL 600,5.5,12,12,18,14,G
2014,Mercedes-Benz,CL 63 AMG,5.5,8,15,22,18,
2014,Mercedes-Benz,CL 65 AMG,6,12,12,18,14,G
2014,Mercedes-Benz,CLA 250,2,4,26,38,30,
2014,Mercedes-Benz,CLS 550,4.7,8,18,27,21,
2014,Mercedes-Benz,CLS 550 4MATIC,4.7,8,18,25,20,
2014,Mercedes-Benz,CLS 63 AMG,5.5,8,16,25,19,
2014,Mercedes-Benz,CLS 63 AMG 4MATIC,5.5,8,16,22,18,
2014,Mercedes-Benz,CLS 63 AMG S,5.5,8,16,25,19,
2014,Mercedes-Benz,CLS 63 AMG S 4MATIC,5.5,8,16,22,18,
2014,BMW,Mini Cooper Countryman,1.6,4,25,30,27,
2014,BMW,Mini Cooper Countryman,1.6,4,28,35,31,
2014,BMW,Mini Cooper Paceman,1.6,4,25,30,27,
2014,BMW,Mini Cooper Paceman,1.6,4,28,35,31,
2014,BMW,Mini Cooper S Countryman,1.6,4,25,32,28,
2014,BMW,Mini Cooper S Countryman,1.6,4,26,32,29,
2014,BMW,Mini Cooper S Countryman All4,1.6,4,23,30,26,
2014,BMW,Mini Cooper S Countryman All4,1.6,4,25,31,27,
2014,BMW,Mini Cooper S Paceman,1.6,4,25,32,28,
2014,BMW,Mini Cooper S Paceman,1.6,4,26,32,29,
2014,BMW,Mini Cooper S Paceman ALL4,1.6,4,23,30,26,
2014,BMW,Mini Cooper S Paceman ALL4,1.6,4,25,31,27,
2014,BMW,Mini JCW Countryman ALL4,1.6,4,23,30,26,
2014,BMW,Mini JCW Countryman ALL4,1.6,4,25,31,27,
2014,BMW,Mini JCW Paceman ALL4,1.6,4,23,30,26,
2014,BMW,Mini JCW Paceman ALL4,1.6,4,25,31,27,
2014,Mitsubishi Motors Co,LANCER,2,4,18,25,20,
2014,Mitsubishi Motors Co,LANCER,2,4,26,34,29,
2014,Mitsubishi Motors Co,LANCER,2,4,25,34,28,
2014,Mitsubishi Motors Co,LANCER,2.4,4,23,30,26,
2014,Mitsubishi Motors Co,LANCER,2.4,4,22,31,26,
2014,Mitsubishi Motors Co,LANCER AWD,2.4,4,22,29,25,
2014,Mitsubishi Motors Co,LANCER EVOLUTION,2,4,17,22,19,
2014,Mitsubishi Motors Co,LANCER EVOLUTION,2,4,17,23,19,
2014,Mitsubishi Motors Co,MIRAGE,1.2,3,37,44,40,
2014,Mitsubishi Motors Co,MIRAGE,1.2,3,34,42,37,
2014,Nissan,VERSA,1.6,4,26,35,30,
2014,Nissan,VERSA,1.6,4,31,40,35,
2014,Nissan,VERSA,1.6,4,27,36,30,
2014,Rolls-Royce,Phantom Coupe,6.7,12,11,19,14,G
2014,Rolls-Royce,Phantom Drophead Coupe,6.7,12,11,19,14,G
2014,Toyota,tC,2.5,4,23,31,26,
2014,Toyota,tC,2.5,4,23,31,26,
2014,Subaru,IMPREZA AWD,2,4,27,36,30,
2014,Subaru,IMPREZA AWD,2,4,25,34,28,
2014,Subaru,IMPREZA AWD,2.5,4,19,25,21,
2014,Subaru,IMPREZA AWD,2.5,4,17,23,19,
2014,Toyota,YARIS,1.5,4,30,36,32,
2014,Toyota,YARIS,1.5,4,30,37,33,
2014,Volkswagen,BEETLE,2,4,29,39,32,
2014,Volkswagen,BEETLE,2,4,24,30,26,
2014,Volkswagen,BEETLE,2,4,28,41,32,
2014,Volkswagen,BEETLE,2,4,23,31,26,
2014,Volkswagen,BEETLE,2.5,5,22,29,25,
2014,Volkswagen,BEETLE,2.5,5,22,31,25,
2014,Volkswagen,CC,2,4,22,31,25,
2014,Volkswagen,CC,2,4,21,32,25,
2014,Volkswagen,CC 4MOTION,3.6,6,17,25,20,
2014,Volkswagen,GOLF,2,4,30,42,34,
2014,Volkswagen,GOLF,2,4,30,42,34,
2014,Volkswagen,GOLF,2.5,5,23,30,26,
2014,Volkswagen,GTI,2,4,24,32,27,
2014,Volkswagen,GTI,2,4,21,31,25,
2014,Volkswagen,Jetta,1.8,4,25,36,29,
2014,Volkswagen,Jetta,1.8,4,26,36,30,
2014,Volkswagen,Jetta,2,4,30,42,34,
2014,Volkswagen,Jetta,2,4,24,32,27,
2014,Volkswagen,Jetta,2,4,23,29,25,
2014,Volkswagen,Jetta,2,4,24,34,28,
2014,Volkswagen,Jetta,2,4,30,42,34,
2014,Volkswagen,Jetta,2,4,23,33,26,
2014,Volkswagen,Jetta Hybrid,1.4,4,42,48,45,
2014,Volvo,S60 AWD,2.5,5,20,29,23,
2014,Volvo,S60 AWD,3,6,18,25,21,
2014,Volvo,S60 FWD,2.5,5,21,30,24,
2014,Honda,RLX,3.5,6,20,31,24,
2014,Honda,TL 2WD,3.5,6,20,29,23,
2014,Honda,TL 4WD,3.7,6,18,26,21,
2014,Honda,TL 4WD,3.7,6,17,25,20,
2014,Audi,A6,2,4,25,33,28,
2014,Audi,A6 quattro,2,4,20,29,23,
2014,Audi,A6 quattro,3,6,24,38,29,
2014,Audi,A6 quattro,3,6,18,27,22,
2014,Audi,A7 quattro,3,6,24,38,29,
2014,Audi,A7 quattro,3,6,18,28,21,
2014,Audi,A8,3,6,18,28,21,
2014,Audi,A8,4,8,17,28,21,
2014,Audi,RS7,4,8,16,27,19,
2014,Audi,S6,4,8,17,27,20,
2014,Audi,S7,4,8,17,27,20,
2014,Audi,S8,4,8,15,26,19,
2014,Bentley,Flying Spur,6,12,12,20,15,G
2014,Bentley,Mulsanne,6.8,8,11,18,13,G
2014,BMW,528i,2,4,23,34,27,
2014,BMW,528i xDrive,2,4,22,33,26,
2014,BMW,535d,3,6,26,38,30,
2014,BMW,535d xDrive,3,6,26,37,30,
2014,BMW,535i,3,6,20,30,24,
2014,BMW,535i,3,6,20,30,23,
2014,BMW,535i xDrive,3,6,20,29,23,
2014,BMW,550i,4.4,8,17,25,20,
2014,BMW,550i xDrive,4.4,8,16,24,19,
2014,BMW,ActiveHybrid 5,3,6,23,30,26,
2014,BMW,M5,4.4,8,14,20,16,G
2014,BMW,M5,4.4,8,15,22,17,G
2014,General Motors,LACROSSE,2.4,4,25,36,29,
2014,General Motors,LACROSSE,3.6,6,18,28,21,
2014,General Motors,LACROSSE,3.6,6,18,28,21,
2014,General Motors,LACROSSE AWD,3.6,6,17,26,20,
2014,General Motors,REGAL,2,4,21,30,24,
2014,General Motors,REGAL,2,4,20,31,24,
2014,General Motors,REGAL,2.4,4,19,31,23,
2014,General Motors,REGAL,2.4,4,25,36,29,
2014,General Motors,REGAL AWD,2,4,19,27,22,
2014,General Motors,CTS,3.6,6,18,27,21,
2014,General Motors,CTS,6.2,8,12,18,14,G
2014,General Motors,CTS,6.2,8,14,19,16,G
2014,General Motors,CTS AWD,3.6,6,18,26,21,
2014,General Motors,CTS SEDAN,2,4,20,30,23,
2014,General Motors,CTS SEDAN,3.6,6,16,24,18,
2014,General Motors,CTS SEDAN,3.6,6,18,29,22,
2014,General Motors,CTS SEDAN AWD,2,4,19,28,22,
2014,General Motors,CTS SEDAN AWD,3.6,6,18,26,21,
2014,General Motors,CTS V,6.2,8,12,18,14,G
2014,General Motors,CTS V,6.2,8,14,19,16,G
2014,General Motors,CRUZE,1.4,4,26,38,30,
2014,General Motors,CRUZE,1.4,4,26,38,30,
2014,General Motors,CRUZE,1.8,4,22,35,27,
2014,General Motors,CRUZE,1.8,4,25,36,29,
2014,General Motors,CRUZE,2,4,27,46,33,
2014,General Motors,CRUZE ECO,1.4,4,26,39,31,
2014,General Motors,CRUZE ECO,1.4,4,28,42,33,
2014,General Motors,MALIBU,2,4,21,30,24,
2014,General Motors,MALIBU,2.4,4,25,36,29,
2014,General Motors,MALIBU,2.5,4,25,36,29,
2014,General Motors,SONIC 5,1.4,4,27,37,31,
2014,General Motors,SONIC 5,1.4,4,29,40,33,
2014,General Motors,SONIC 5,1.8,4,25,35,28,
2014,General Motors,SONIC 5,1.8,4,26,35,30,
2014,General Motors,SONIC 5 RS,1.4,4,25,33,28,
2014,General Motors,SONIC 5 RS,1.4,4,27,34,30,
2014,Chrysler Group LLC,200,2.4,4,21,30,24,
2014,Chrysler Group LLC,200,2.4,4,20,31,24,
2014,Chrysler Group LLC,200,3.6,6,19,29,22,
2014,Chrysler Group LLC,Avenger,2.4,4,21,30,24,
2014,Chrysler Group LLC,Avenger,2.4,4,20,31,24,
2014,Chrysler Group LLC,Avenger,3.6,6,19,29,22,
2014,Chrysler Group LLC,Challenger,3.6,6,18,27,21,
2014,Chrysler Group LLC,Challenger,5.7,8,15,25,18,
2014,Chrysler Group LLC,Challenger,5.7,8,15,23,18,
2014,Chrysler Group LLC,Challenger SRT8,6.4,8,14,23,17,G
2014,Chrysler Group LLC,Challenger SRT8,6.4,8,14,23,17,G
2014,Chrysler Group LLC,Dart,2,4,24,34,27,
2014,Chrysler Group LLC,Dart,2,4,25,36,29,
2014,Chrysler Group LLC,Dart,2.4,4,23,35,27,
2014,Chrysler Group LLC,Dart,2.4,4,22,35,27,
2014,Chrysler Group LLC,Dart Aero,1.4,4,28,40,32,
2014,Chrysler Group LLC,Dart Aero,1.4,4,28,41,32,
2014,Chrysler Group LLC,Dart GT,2.4,4,22,31,26,
2014,Chrysler Group LLC,Dart GT,2.4,4,23,33,27,
2014,Ferrari,FF,6.3,12,11,16,13,G
2014,Ferrari,FF,6.3,12,11,17,13,G
2014,Ford Motor Company,FUSION AWD,2,4,22,31,25,
2014,Ford Motor Company,FUSION FWD,1.5,4,23,36,28,
2014,Ford Motor Company,FUSION FWD,1.6,4,25,37,29,
2014,Ford Motor Company,FUSION FWD,2,4,22,33,26,
2014,Ford Motor Company,FUSION FWD,2.5,4,22,34,26,
2014,Ford Motor Company,FUSION HYBRID FWD,2,4,47,47,47,
2014,Honda,ACCORD,2,4,50,45,47,
2014,Honda,ACCORD,2.4,4,27,36,30,
2014,Honda,ACCORD,2.4,4,26,34,29,
2014,Honda,ACCORD,2.4,4,24,34,28,
2014,Honda,ACCORD,3.5,6,21,34,26,
2014,Honda,ACCORD,3.5,6,21,32,25,
2014,Honda,ACCORD,3.5,6,18,28,22,
2014,Hyundai,Elantra GT,2,4,24,33,27,
2014,Hyundai,Elantra GT,2,4,24,34,28,
2014,Nissan,Q50,3.7,6,20,29,23,
2014,Nissan,Q50 AWD,3.7,6,19,27,22,
2014,Nissan,Q50a,3.7,6,20,30,23,
2014,Nissan,Q50a AWD,3.7,6,19,27,22,
2014,Jaguar Land Rover L,Jaguar XF,2,4,19,30,23,
2014,Jaguar Land Rover L,Jaguar XF,5,8,15,23,18,
2014,Jaguar Land Rover L,XF AWD,3,6,16,26,19,
2014,Jaguar Land Rover L,XF FFV,3,6,17,28,21,
2014,Jaguar Land Rover L,XF FFV,5,8,15,23,18,
2014,Kia,Forte,1.8,4,25,36,29,
2014,Kia,Forte,1.8,4,25,37,29,
2014,Kia,Forte,2,4,24,36,28,
2014,Kia,Forte,2,4,24,35,28,
2014,Kia,Forte ECO,1.8,4,26,35,29,
2014,Kia,OPTIMA,2,4,20,31,24,
2014,Kia,OPTIMA,2.4,4,23,34,27,
2014,Toyota,ES 300h,2.5,4,40,39,40,
2014,Toyota,ES 350,3.5,6,21,31,24,
2014,Toyota,GS 350,3.5,6,19,29,23,
2014,Toyota,GS 350 AWD,3.5,6,19,26,21,
2014,Toyota,GS 450h,3.5,6,29,34,31,
2014,Toyota,LS 460,4.6,8,16,24,19,
2014,Toyota,LS 460 AWD,4.6,8,16,23,18,
2014,Toyota,LS 460 L,4.6,8,16,24,19,
2014,Toyota,LS 460 L AWD,4.6,8,16,23,18,
2014,Toyota,LS 600h L,5,8,19,23,20,
2014,Ford Motor Company,MKZ AWD,2,4,22,31,25,
2014,Ford Motor Company,MKZ AWD,3.7,6,18,26,21,
2014,Ford Motor Company,MKZ FWD,2,4,22,33,26,
2014,Ford Motor Company,MKZ FWD,3.7,6,19,28,22,
2014,Ford Motor Company,MKZ HYBRID FWD,2,4,45,45,45,
2014,Maserati,Ghibli V6,3,6,15,25,19,
2014,Maserati,Ghibli V6 AWD,3,6,15,25,18,
2014,MAZDA,MAZDA 6,2.5,4,26,38,30,
2014,MAZDA,MAZDA 6,2.5,4,28,40,32,
2014,MAZDA,MAZDA 6,2.5,4,25,37,29,
2014,MAZDA,MAZDA3 5-Door,2,4,30,40,33,
2014,MAZDA,MAZDA3 5-Door,2,4,29,40,33,
2014,MAZDA,MAZDA3 5-Door,2.5,4,27,37,31,
2014,MAZDA,MAZDA3 5-Door,2.5,4,28,38,32,
2014,Mercedes-Benz,E 250 BLUETEC,2.1,4,28,45,34,
2014,Mercedes-Benz,E 250 BLUETEC 4MATIC,2.1,4,27,42,32,
2014,Mercedes-Benz,E 350,3.5,6,21,30,24,
2014,Mercedes-Benz,E 350,3.5,6,21,31,24,
2014,Mercedes-Benz,E 350,3.5,6,21,30,24,
2014,Mercedes-Benz,E 350 4MATIC,3.5,6,21,29,24,
2014,Mercedes-Benz,E 350 4MATIC,3.5,6,20,29,24,
2014,Mercedes-Benz,E 350 4MATIC,3.5,6,20,28,23,
2014,Mercedes-Benz,E 400 Hybrid,3.5,6,24,30,26,
2014,Mercedes-Benz,E 550 4MATIC,4.7,8,17,26,20,
2014,Mercedes-Benz,E 63 AMG,5.5,8,16,24,19,
2014,Mercedes-Benz,E 63 AMG 4MATIC,5.5,8,16,23,18,
2014,Mercedes-Benz,E 63 AMG S,5.5,8,16,24,19,
2014,Mercedes-Benz,E 63 AMG S 4MATIC,5.5,8,16,23,18,
2014,Nissan,ALTIMA,2.5,4,27,38,31,
2014,Nissan,ALTIMA,3.5,6,22,31,25,
2014,Nissan,MAXIMA,3.5,6,19,26,22,
2014,Rolls-Royce,Wraith,6.6,12,13,21,15,G
2014,Subaru,LEGACY AWD,2.5,4,24,32,27,
2014,Subaru,LEGACY AWD,2.5,4,21,29,24,
2014,Subaru,LEGACY AWD,3.6,6,18,25,20,
2014,Toyota,AVALON,3.5,6,21,31,25,
2014,Toyota,AVALON,3.5,6,21,31,24,
2014,Toyota,AVALON HYBRID,2.5,4,40,39,40,
2014,Toyota,CAMRY,2.5,4,25,35,28,
2014,Toyota,CAMRY,3.5,6,21,31,25,
2014,Toyota,CAMRY HYBRID LE,2.5,4,43,39,41,
2014,Toyota,CAMRY HYBRID XLE/SE,2.5,4,40,38,40,
2014,Toyota,COROLLA,1.8,4,27,36,31,
2014,Toyota,COROLLA,1.8,4,29,38,32,
2014,Toyota,COROLLA,1.8,4,29,37,32,
2014,Toyota,COROLLA,1.8,4,28,37,31,
2014,Toyota,COROLLA LE ECO,1.8,4,30,42,35,
2014,Toyota,COROLLA LE ECO,1.8,4,30,40,34,
2014,Toyota,PRIUS,1.8,4,51,48,50,
2014,Volkswagen,Passat,1.8,4,24,34,28,
2014,Volkswagen,Passat,1.8,4,24,35,28,
2014,Volkswagen,Passat,2,4,30,40,34,
2014,Volkswagen,Passat,2,4,31,43,35,
2014,Volkswagen,Passat,2.5,5,22,31,25,
2014,Volkswagen,Passat,2.5,5,22,32,26,
2014,Volkswagen,Passat,3.6,6,20,28,23,
2014,Volvo,S80 AWD,3,6,18,25,21,
2014,Volvo,S80 FWD,3.2,6,20,29,23,
2014,Audi,A8L,3,6,24,36,28,
2014,Audi,A8L,3,6,18,28,21,
2014,Audi,A8L,4,8,16,26,19,
2014,Audi,A8L,6.3,12,13,21,16,G
2014,BMW,328i xDrive Gran Turismo,2,4,22,33,26,
2014,BMW,335i xDrive Gran Turismo,3,6,20,30,24,
2014,BMW,535i Gran Turismo,3,6,19,28,22,
2014,BMW,535i xDrive Gran Turismo,3,6,18,26,21,
2014,BMW,550i Gran Turismo,4.4,8,16,25,19,
2014,BMW,550i xDrive Gran Turismo,4.4,8,16,24,19,
2014,BMW,740i,3,6,19,29,22,
2014,BMW,740Li,3,6,19,29,22,
2014,BMW,740Li xDrive,3,6,19,28,22,
2014,BMW,750i,4.4,8,17,25,20,
2014,BMW,750i xDrive,4.4,8,16,24,19,
2014,BMW,750Li,4.4,8,16,25,19,
2014,BMW,750Li xDrive,4.4,8,16,24,19,
2014,BMW,760Li,6,12,13,20,15,G
2014,BMW,Alpina B7 LWB,4.4,8,16,25,19,
2014,BMW,Alpina B7 LWB xDrive,4.4,8,16,24,19,
2014,BMW,Alpina B7 SWB,4.4,8,16,25,19,
2014,BMW,Alpina B7 SWB xDrive,4.4,8,16,24,19,
2014,BMW,X1 sDrive28i,2,4,23,34,27,
2014,BMW,X1 xDrive28i,2,4,22,33,26,
2014,BMW,X1 xDrive35i,3,6,18,27,21,
2014,General Motors,XTS,3.6,6,18,28,21,
2014,General Motors,XTS AWD,3.6,6,17,26,20,
2014,General Motors,XTS AWD,3.6,6,16,24,19,
2014,General Motors,CHEV SS,6.2,8,14,21,17,G
2014,General Motors,IMPALA,2.4,4,25,35,29,
2014,General Motors,IMPALA,2.5,4,21,31,25,
2014,General Motors,IMPALA,3.6,6,19,29,22,
2014,General Motors,IMPALA,3.6,6,18,28,21,
2014,General Motors,IMPALA LIMITED,3.6,6,18,30,22,
2014,Chrysler Group LLC,300,3.6,6,19,31,23,
2014,Chrysler Group LLC,300,3.6,6,19,31,23,
2014,Chrysler Group LLC,300,5.7,8,15,25,18,
2014,Chrysler Group LLC,300 AWD,3.6,6,18,27,21,
2014,Chrysler Group LLC,300 AWD,3.6,6,18,27,21,
2014,Chrysler Group LLC,300 AWD,5.7,8,15,23,18,
2014,Chrysler Group LLC,300 SRT8,6.4,8,14,23,17,G
2014,Chrysler Group LLC,Charger,3.6,6,18,27,21,
2014,Chrysler Group LLC,Charger,3.6,6,18,27,21,
2014,Chrysler Group LLC,Charger,3.6,6,19,31,23,
2014,Chrysler Group LLC,Charger,3.6,6,19,31,23,
2014,Chrysler Group LLC,Charger,5.7,8,15,25,18,
2014,Chrysler Group LLC,Charger AWD,3.6,6,18,27,21,
2014,Chrysler Group LLC,Charger AWD,3.6,6,18,27,21,
2014,Chrysler Group LLC,Charger AWD,5.7,8,15,23,18,
2014,Chrysler Group LLC,Charger SRT8,6.4,8,14,23,17,G
2014,Ford Motor Company,TAURUS AWD,3.5,6,17,25,20,
2014,Ford Motor Company,TAURUS AWD,3.5,6,18,26,21,
2014,Ford Motor Company,TAURUS AWD FFV,3.5,6,18,26,21,
2014,Ford Motor Company,TAURUS FWD,2,4,22,32,26,
2014,Ford Motor Company,TAURUS FWD,3.5,6,19,29,23,
2014,Ford Motor Company,TAURUS FWD FFV,3.5,6,19,29,23,
2014,Hyundai,AZERA,3.3,6,19,29,23,
2014,Hyundai,EQUUS,5,8,15,23,18,
2014,Hyundai,Genesis,3.8,6,18,27,21,
2014,Hyundai,Genesis R Spec,5,8,15,23,18,
2014,Hyundai,SONATA,2,4,21,32,25,
2014,Hyundai,SONATA,2.4,4,24,35,28,
2014,Jaguar Land Rover L,XJ,5,8,15,23,18,
2014,Jaguar Land Rover L,XJ AWD,3,6,16,24,19,
2014,Jaguar Land Rover L,XJ FFV,3,6,18,27,21,
2014,Jaguar Land Rover L,XJ FFV,5,8,15,23,18,
2014,Jaguar Land Rover L,XJL,5,8,15,23,18,
2014,Jaguar Land Rover L,XJL AWD,3,6,16,24,19,
2014,Jaguar Land Rover L,XJL FFV,3,6,17,27,20,
2014,Jaguar Land Rover L,XJL FFV,5,8,15,23,18,
2014,Kia,CADENZA,3.3,6,19,28,22,
2014,Ford Motor Company,MKS AWD,3.5,6,17,25,20,
2014,Ford Motor Company,MKS AWD,3.7,6,18,26,21,
2014,Ford Motor Company,MKS FWD,3.7,6,19,28,22,
2014,Maserati,QUATTROPORTE GTS,3.8,8,13,22,16,G
2014,Maserati,QUATTROPORTE SQ4 V6,3,6,15,24,18,
2014,Mercedes-Benz,S 550,4.7,8,17,26,20,
2014,Mercedes-Benz,S 550 4MATIC,4.7,8,16,26,19,
2014,Mercedes-Benz,S 63 AMG 4MATIC,5.5,8,15,23,18,
2014,Porsche,Panamera,3.6,6,18,28,22,
2014,Porsche,Panamera 4,3.6,6,18,27,21,
2014,Porsche,Panamera 4S,3,6,17,27,21,
2014,Porsche,Panamera 4S Executive,3,6,17,26,20,
2014,Porsche,Panamera GTS,4.8,8,16,24,19,
2014,Porsche,Panamera S,3,6,17,27,21,
2014,Porsche,Panamera Turbo,4.8,8,15,24,18,
2014,Porsche,Panamera Turbo Executive,4.8,8,15,24,18,
2014,Rolls-Royce,Ghost,6.6,12,13,21,15,G
2014,Rolls-Royce,Ghost EWB,6.6,12,13,21,15,G
2014,Rolls-Royce,Phantom,6.7,12,11,19,14,G
2014,Rolls-Royce,Phantom EWB,6.7,12,11,19,14,G
2014,Honda,TSX WAGON,2.4,4,22,30,25,
2014,Audi,allroad quattro,2,4,20,27,23,
2014,BMW,328d xDrive Sports Wagon,2,4,31,43,35,
2014,BMW,328i xDrive Sports Wagon,2,4,22,33,26,
2014,General Motors,CTS WAGON,3,6,18,26,21,
2014,General Motors,CTS WAGON,3.6,6,18,26,21,
2014,General Motors,CTS WAGON,6.2,8,12,18,14,G
2014,General Motors,CTS WAGON,6.2,8,14,19,16,G
2014,General Motors,CTS WAGON AWD,3,6,18,26,21,
2014,General Motors,CTS WAGON AWD,3.6,6,18,26,21,
2014,Chrysler Group LLC,500L,1.4,4,24,33,27,
2014,Chrysler Group LLC,500L,1.4,4,25,33,28,
2014,Nissan,QX50,3.7,6,17,25,20,
2014,Nissan,QX50 AWD,3.7,6,17,24,20,
2014,Kia,Soul,1.6,4,24,30,26,
2014,Kia,Soul,1.6,4,24,30,26,
2014,Kia,Soul,2,4,23,31,26,
2014,Kia,Soul ECO dynamics,2,4,24,31,27,
2014,Mitsubishi Motors Co,LANCER SPORTBACK,2,4,24,32,27,
2014,Mitsubishi Motors Co,LANCER SPORTBACK,2.4,4,22,29,25,
2014,Nissan,JUKE,1.6,4,27,32,29,
2014,Nissan,JUKE,1.6,4,25,31,27,
2014,Nissan,JUKE AWD,1.6,4,25,30,27,
2014,Subaru,IMPREZA WAGON AWD,2,4,27,36,30,
2014,Subaru,IMPREZA WAGON AWD,2,4,25,33,28,
2014,Subaru,IMPREZA WAGON AWD,2.5,4,19,25,21,
2014,Subaru,IMPREZA WAGON AWD,2.5,4,17,23,19,
2014,Volkswagen,JETTA SPORTWAGEN,2,4,29,39,33,
2014,Volkswagen,JETTA SPORTWAGEN,2,4,30,42,34,
2014,Volkswagen,JETTA SPORTWAGEN,2.5,5,23,30,26,
2014,Volkswagen,JETTA SPORTWAGEN,2.5,5,23,33,26,
2014,Mercedes-Benz,E 350 4Matic (Wagon),3.5,6,19,26,21,
2014,Mercedes-Benz,E 63 AMG 4MATIC (station wagon),5.5,8,15,21,17,
2014,Mercedes-Benz,E 63 AMG S 4MATIC (stat. wagon),5.5,8,15,21,17,
2014,Toyota,PRIUS v,1.8,4,44,40,42,
2014,Nissan,FRONTIER 2WD,2.5,4,17,23,19,
2014,Nissan,FRONTIER 2WD,2.5,4,19,23,21,
2014,Nissan,FRONTIER 2WD,4,6,16,22,18,
2014,Nissan,FRONTIER 2WD,4,6,16,22,19,
2014,Toyota,TACOMA 2WD,2.7,4,19,24,21,
2014,Toyota,TACOMA 2WD,2.7,4,21,25,23,
2014,Toyota,TACOMA 2WD,4,6,17,21,19,
2014,Toyota,TACOMA 2WD,4,6,16,21,18,
2014,Nissan,FRONTIER 4WD,4,6,15,21,17,
2014,Nissan,FRONTIER 4WD,4,6,16,21,18,
2014,Toyota,TACOMA 4WD,2.7,4,18,21,19,
2014,Toyota,TACOMA 4WD,2.7,4,18,21,19,
2014,Toyota,TACOMA 4WD,4,6,16,21,18,
2014,Toyota,TACOMA 4WD,4,6,16,19,17,
2014,General Motors,C15 SILVERADO 2WD,4.3,6,18,24,20,
2014,General Motors,C15 SILVERADO 2WD,5.3,8,16,23,19,
2014,Ford Motor Company,F150 PICKUP 2WD,3.5,6,16,22,18,
2014,Ford Motor Company,F150 PICKUP 2WD,3.5,6,16,22,18,
2014,Ford Motor Company,F150 PICKUP 2WD,6.2,8,13,18,15,
2014,Ford Motor Company,F150 PICKUP 2WD FFV,3.7,6,17,23,19,
2014,Ford Motor Company,F150 PICKUP 2WD FFV,3.7,6,17,23,19,
2014,Ford Motor Company,F150 PICKUP 2WD FFV,5,8,15,21,17,
2014,Ford Motor Company,F150 PICKUP 2WD FFV,5,8,15,21,17,
2014,General Motors,C15 SIERRA 2WD,4.3,6,18,24,20,
2014,General Motors,C15 SIERRA 2WD,5.3,8,16,23,19,
2014,General Motors,C15 SIERRA 2WD,6.2,8,15,21,17,
2014,Nissan,TITAN 2WD,5.6,8,13,18,15,
2014,Nissan,TITAN 2WD,5.6,8,13,18,15,
2014,Chrysler Group LLC,1500 4X2,3.6,6,17,25,20,
2014,Chrysler Group LLC,1500 4X2,3.6,6,17,25,20,
2014,Chrysler Group LLC,1500 4X2,5.7,8,14,20,16,
2014,Chrysler Group LLC,1500 4X2,5.7,8,15,22,17,
2014,Chrysler Group LLC,1500 HFE 4X2,3.6,6,18,25,21,
2014,Toyota,TUNDRA 2WD,4,6,16,20,17,
2014,Toyota,TUNDRA 2WD,4.6,8,15,19,16,
2014,Toyota,TUNDRA 2WD,5.7,8,13,18,15,
2014,General Motors,K15 SILVERADO 4WD,4.3,6,17,22,19,
2014,General Motors,K15 SILVERADO 4WD,5.3,8,16,22,18,
2014,General Motors,K15 SILVERADO 4WD,6.2,8,14,20,17,
2014,Ford Motor Company,F150 PICKUP 4WD,3.5,6,15,21,17,
2014,Ford Motor Company,F150 PICKUP 4WD,3.5,6,15,21,17,
2014,Ford Motor Company,F150 PICKUP 4WD,6.2,8,12,16,13,
2014,Ford Motor Company,F150 PICKUP 4WD FFV,3.7,6,16,21,18,
2014,Ford Motor Company,F150 PICKUP 4WD FFV,3.7,6,16,21,18,
2014,Ford Motor Company,F150 PICKUP 4WD FFV,5,8,14,19,16,
2014,Ford Motor Company,F150 PICKUP 4WD FFV,5,8,14,19,16,
2014,Ford Motor Company,F150 Raptor Pickup 4WD,6.2,8,11,16,13,
2014,General Motors,K15 SIERRA 4WD,4.3,6,17,22,19,
2014,General Motors,K15 SIERRA 4WD,5.3,8,16,22,18,
2014,General Motors,K15 SIERRA 4WD,6.2,8,14,20,17,
2014,Honda,RIDGELINE 4WD,3.5,6,15,21,17,
2014,Nissan,TITAN 4WD,5.6,8,12,17,14,
2014,Nissan,TITAN 4WD,5.6,8,12,17,14,
2014,Chrysler Group LLC,1500 4X4,3.6,6,16,23,19,
2014,Chrysler Group LLC,1500 4X4,3.6,6,16,23,19,
2014,Chrysler Group LLC,1500 4X4,5.7,8,13,19,15,
2014,Chrysler Group LLC,1500 4X4,5.7,8,15,21,17,
2014,Toyota,TUNDRA 4WD,4.6,8,14,18,16,
2014,Toyota,TUNDRA 4WD,5.7,8,13,17,15,
2014,Toyota,TUNDRA 4WD FFV,5.7,8,13,17,15,
2014,General Motors,G1500 EXPRESS 2WD CARGO,4.3,6,14,19,16,
2014,General Motors,G1500 EXPRESS 2WD CARGO,5.3,8,13,18,15,
2014,General Motors,G1500 EXPRESS CONV 2WD CARGO,5.3,8,13,17,14,
2014,General Motors,G2500 EXPRESS CONV 2WD CARGOMDPV,6,8,10,15,12,
2014,General Motors,H1500 EXPRESS AWD CARGO,5.3,8,13,17,14,
2014,General Motors,H1500 EXPRESS CONV AWD CARGO,5.3,8,13,17,14,
2014,Ford Motor Company,E150 VAN FFV,4.6,8,13,16,15,
2014,Ford Motor Company,E150 VAN FFV,5.4,8,12,16,14,
2014,Ford Motor Company,E250 VAN FFV,4.6,8,13,16,15,
2014,Ford Motor Company,E250 VAN FFV,5.4,8,12,16,14,
2014,Ford Motor Company,E350 VAN,6.8,10,10,14,12,
2014,Ford Motor Company,E350 VAN FFV,5.4,8,12,16,13,
2014,General Motors,G1500 SAVANA 2WD CARGO,4.3,6,14,19,16,
2014,General Motors,G1500 SAVANA 2WD CARGO,5.3,8,13,18,15,
2014,General Motors,G1500 SAVANA CONV 2WD CARGO,5.3,8,13,17,14,
2014,General Motors,G2500 SAVANA CONV 2WD CARGO MDPV,6,8,10,15,12,
2014,General Motors,H1500 SAVANA AWD CARGO,5.3,8,13,17,14,
2014,General Motors,H1500 SAVANA CONV AWD CARGO,5.3,8,13,17,14,
2014,General Motors,G1500 EXPRESS 2WD PASS,5.3,8,13,17,14,
2014,General Motors,G2500 EXPRESS 2WD PASS MDPV,4.8,8,11,17,13,
2014,General Motors,G2500 EXPRESS 2WD PASS MDPV,6,8,11,16,13,
2014,General Motors,G3500 EXPRESS 2WD PASS MDPV,4.8,8,11,17,13,
2014,General Motors,G3500 EXPRESS 2WD PASS MDPV,6,8,11,16,12,
2014,General Motors,H1500 EXPRESS AWD PASS,5.3,8,13,17,14,
2014,Ford Motor Company,E150 WAGON FFV,4.6,8,13,16,14,
2014,Ford Motor Company,E150 WAGON FFV,5.4,8,12,16,13,
2014,Ford Motor Company,E350 WAGON,6.8,10,10,13,11,
2014,Ford Motor Company,E350 WAGON FFV,5.4,8,11,15,13,
2014,General Motors,G1500 SAVANA 2WD PASS,5.3,8,13,17,14,
2014,General Motors,G2500 SAVANA 2WD PASS MDPV,4.8,8,11,17,13,
2014,General Motors,G2500 SAVANA 2WD PASS MDPV,6,8,11,16,13,
2014,General Motors,G3500 SAVANA 2WD PASS MDPV,4.8,8,11,17,13,
2014,General Motors,G3500 SAVANA 2WD PASS MDPV,6,8,11,16,12,
2014,General Motors,H1500 SAVANA AWD PASS,5.3,8,13,17,14,
2014,General Motors,XTS HEARSE,3.6,6,15,21,17,G
2014,General Motors,XTS LIMO,3.6,6,15,21,17,G
2014,Ford Motor Company,Transit Connect Van 2WD,2.5,4,21,29,24,
2014,Ford Motor Company,TRANSIT CONNECT WAGON FWD,2.5,4,20,28,23,
2014,Ford Motor Company,Transit Connect Wagon LWB FWD,2.5,4,20,28,23,
2014,Ford Motor Company,MKT LIVERY FWD,2,4,20,28,23,
2014,Ford Motor Company,MKT LIVERY AWD,3.7,6,17,24,19,
2014,Chrysler Group LLC,Town & Country,3.6,6,17,25,20,
2014,Chrysler Group LLC,Town & Country,3.6,6,17,25,20,
2014,Chrysler Group LLC,Grand Caravan,3.6,6,17,25,20,
2014,Chrysler Group LLC,Grand Caravan,3.6,6,17,25,20,
2014,Honda,ODYSSEY 2WD,3.5,6,19,28,22,
2014,Kia,Sedona,3.5,6,17,24,20,
2014,MAZDA,MAZDA 5,2.5,4,22,28,24,
2014,MAZDA,MAZDA 5,2.5,4,21,28,24,
2014,Nissan,QUEST,3.5,6,19,25,21,
2014,Chrysler Group LLC,C/V,3.6,6,18,26,21,
2014,Toyota,SIENNA,3.5,6,18,25,21,
2014,Chrysler Group LLC,Routan,3.6,6,17,25,20,
2014,Toyota,SIENNA AWD,3.5,6,16,23,19,
2014,Honda,MDX 2WD,3.5,6,20,28,23,
2014,Honda,RDX 2WD,3.5,6,20,28,23,
2014,General Motors,ENCORE,1.4,4,25,33,28,
2014,General Motors,CAPTIVA FWD,2.4,4,20,28,23,
2014,General Motors,CAPTIVA FWD,3,6,17,24,19,
2014,General Motors,EQUINOX FWD,2.4,4,22,32,26,
2014,General Motors,EQUINOX FWD,2.4,4,22,32,26,
2014,General Motors,EQUINOX FWD,3.6,6,17,24,20,
2014,General Motors,EQUINOX FWD,3.6,6,17,24,20,
2014,Chrysler Group LLC,Journey,2.4,4,19,26,21,
2014,Chrysler Group LLC,Journey,3.6,6,17,25,19,
2014,Ford Motor Company,ESCAPE FWD,1.6,4,23,32,26,
2014,Ford Motor Company,ESCAPE FWD,2,4,22,30,25,
2014,Ford Motor Company,ESCAPE FWD,2.5,4,22,31,25,
2014,General Motors,TERRAIN FWD,2.4,4,22,32,26,
2014,General Motors,TERRAIN FWD,2.4,4,22,32,26,
2014,General Motors,TERRAIN FWD,3.6,6,17,24,20,
2014,General Motors,TERRAIN FWD,3.6,6,17,24,20,
2014,Honda,CROSSTOUR 2WD,2.4,4,22,31,25,
2014,Honda,CROSSTOUR 2WD,3.5,6,20,30,23,
2014,Honda,CR-V 2WD,2.4,4,23,31,26,
2014,Honda,PILOT 2WD,3.5,6,18,25,21,
2014,Hyundai,Santa Fe 2WD,3.3,6,18,25,21,
2014,Hyundai,Santa Fe Sport 2WD,2,4,19,27,22,
2014,Hyundai,Santa Fe Sport 2WD,2.4,4,20,27,23,
2014,Hyundai,Tucson 2WD,2,4,23,29,25,
2014,Hyundai,Tucson 2WD,2.4,4,21,28,24,
2014,Nissan,QX60 FWD,3.5,6,20,26,22,
2014,Nissan,QX70 RWD,3.7,6,17,24,19,
2014,Chrysler Group LLC,Cherokee FWD,2.4,4,22,31,25,
2014,Chrysler Group LLC,Cherokee FWD,3.2,6,19,28,22,
2014,Chrysler Group LLC,Compass FWD,2,4,21,28,24,
2014,Chrysler Group LLC,Compass FWD,2,4,22,27,24,
2014,Chrysler Group LLC,Compass FWD,2,4,23,30,26,
2014,Chrysler Group LLC,Compass FWD,2.4,4,21,28,24,
2014,Chrysler Group LLC,Compass FWD,2.4,4,23,28,25,
2014,Chrysler Group LLC,Patriot FWD,2,4,21,28,24,
2014,Chrysler Group LLC,Patriot FWD,2,4,22,27,24,
2014,Chrysler Group LLC,Patriot FWD,2,4,23,30,26,
2014,Chrysler Group LLC,Patriot FWD,2.4,4,21,28,24,
2014,Chrysler Group LLC,Patriot FWD,2.4,4,23,28,25,
2014,Kia,Sorento 2WD,2.4,4,20,26,22,
2014,Kia,Sorento 2WD,2.4,4,19,27,21,
2014,Kia,Sorento 2WD,3.3,6,18,25,21,
2014,Kia,Sportage 2WD,2,4,20,26,23,
2014,Kia,Sportage 2WD,2.4,4,21,28,24,
2014,Toyota,RX 350,3.5,6,18,25,21,
2014,Toyota,RX 450h,3.5,6,32,28,30,
2014,MAZDA,CX-5 2WD,2,4,26,32,29,
2014,MAZDA,CX-5 2WD,2,4,26,35,29,
2014,MAZDA,CX-5 2WD,2.5,4,25,32,27,
2014,MAZDA,CX-9 2WD,3.7,6,17,24,19,
2014,Mercedes-Benz,GLK 350,3.5,6,19,26,22,
2014,Mercedes-Benz,GLK 350,3.5,6,19,25,21,
2014,Mitsubishi Motors Co,OUTLANDER 2WD,2.4,4,25,31,27,
2014,Mitsubishi Motors Co,OUTLANDER SPORT 2WD,2,4,24,31,27,
2014,Mitsubishi Motors Co,OUTLANDER SPORT 2WD,2,4,24,30,26,
2014,Nissan,MURANO FWD,3.5,6,18,24,20,
2014,Nissan,PATHFINDER 2WD,3.5,6,20,26,22,
2014,Nissan,XTERRA 2WD,4,6,16,22,18,
2014,Toyota,FJ CRUISER 2WD,4,6,16,20,18,
2014,Toyota,VENZA,2.7,4,20,26,23,
2014,Toyota,VENZA,3.5,6,19,26,22,
2014,Volkswagen,TIGUAN,2,4,21,26,23,
2014,Volkswagen,TIGUAN,2,4,18,26,21,
2014,Volvo,XC60 FWD,3.2,6,18,26,21,
2014,Volvo,XC70 FWD,3.2,6,18,26,21,
2014,Honda,MDX 4WD,3.5,6,18,27,21,
2014,Honda,RDX 4WD,3.5,6,19,27,22,
2014,Audi,Q5,2,4,20,28,23,
2014,Audi,Q5,3,6,24,31,27,
2014,Audi,Q5,3,6,18,26,21,
2014,Audi,Q5 Hybrid,2,4,24,30,26,
2014,Audi,SQ5,3,6,16,23,19,
2014,BMW,X3 xDrive28i,2,4,21,28,24,
2014,BMW,X3 xDrive35i,3,6,19,26,21,
2014,General Motors,ENCORE AWD,1.4,4,23,30,26,
2014,General Motors,CAPTIVA AWD,3,6,16,22,18,
2014,General Motors,EQUINOX AWD,2.4,4,20,29,23,
2014,General Motors,EQUINOX AWD,2.4,4,20,29,23,
2014,General Motors,EQUINOX AWD,3.6,6,16,23,19,
2014,General Motors,EQUINOX AWD,3.6,6,16,23,19,
2014,Chrysler Group LLC,Journey AWD,3.6,6,16,24,19,
2014,Ford Motor Company,ESCAPE AWD,1.6,4,22,30,25,
2014,Ford Motor Company,ESCAPE AWD,2,4,21,28,24,
2014,General Motors,TERRAIN AWD,2.4,4,20,29,23,
2014,General Motors,TERRAIN AWD,2.4,4,20,29,23,
2014,General Motors,TERRAIN AWD,3.6,6,16,23,19,
2014,General Motors,TERRAIN AWD,3.6,6,16,23,19,
2014,Honda,CROSSTOUR 4WD,3.5,6,19,28,22,
2014,Honda,CR-V 4WD,2.4,4,22,30,25,
2014,Honda,PILOT 4WD,3.5,6,17,24,20,
2014,Hyundai,Santa Fe 4WD,3.3,6,18,24,20,
2014,Hyundai,Santa Fe Sport 4WD,2,4,18,24,21,
2014,Hyundai,Santa Fe Sport 4WD,2.4,4,19,25,21,
2014,Hyundai,Tucson 4WD,2,4,21,25,23,
2014,Hyundai,Tucson 4WD,2.4,4,20,25,22,
2014,Nissan,QX60 AWD,3.5,6,19,25,21,
2014,Nissan,QX70 AWD,3.7,6,16,22,18,
2014,Nissan,QX70 AWD,5,8,14,20,16,
2014,Chrysler Group LLC,Cherokee 4X4,2.4,4,21,28,24,
2014,Chrysler Group LLC,Cherokee 4X4,3.2,6,19,27,22,
2014,Chrysler Group LLC,Cherokee 4x4 Active Drive II,2.4,4,21,27,23,
2014,Chrysler Group LLC,Cherokee 4x4 Active Drive II,3.2,6,19,26,21,
2014,Chrysler Group LLC,Cherokee Trailhawk 4X4,2.4,4,19,25,22,
2014,Chrysler Group LLC,Cherokee Trailhawk 4X4,3.2,6,18,25,20,
2014,Chrysler Group LLC,Compass 4X4,2.4,4,21,27,23,
2014,Chrysler Group LLC,Compass 4X4,2.4,4,20,23,21,
2014,Chrysler Group LLC,Compass 4X4,2.4,4,23,28,25,
2014,Chrysler Group LLC,Patriot 4X4,2.4,4,21,27,23,
2014,Chrysler Group LLC,Patriot 4X4,2.4,4,20,23,21,
2014,Chrysler Group LLC,Patriot 4X4,2.4,4,23,28,25,
2014,Chrysler Group LLC,Wrangler 4X4,3.6,6,17,21,18,
2014,Chrysler Group LLC,Wrangler 4X4,3.6,6,17,21,18,
2014,Chrysler Group LLC,Wrangler Unlimited 4X4,3.6,6,16,20,18,
2014,Chrysler Group LLC,Wrangler Unlimited 4X4,3.6,6,16,21,18,
2014,Kia,Sorento 4WD,2.4,4,19,24,21,
2014,Kia,Sorento 4WD,3.3,6,18,24,20,
2014,Kia,Sportage 4WD,2,4,19,24,21,
2014,Kia,Sportage 4WD,2.4,4,19,26,22,
2014,Jaguar Land Rover L,LR2,2,4,17,24,20,
2014,Toyota,RX 350 AWD,3.5,6,18,24,20,
2014,Toyota,RX 350 AWD,3.5,6,18,26,21,
2014,Toyota,RX 450h AWD,3.5,6,30,28,29,
2014,Ford Motor Company,MKT AWD,3.5,6,16,23,18,
2014,MAZDA,CX-5 4WD,2,4,25,31,28,
2014,MAZDA,CX-5 4WD,2.5,4,24,30,26,
2014,MAZDA,CX-9 4WD,3.7,6,16,22,18,
2014,Mercedes-Benz,GLK 250 BLUETEC 4MATIC,2.1,4,24,33,28,
2014,Mercedes-Benz,GLK 350 4MATIC,3.5,6,19,25,21,
2014,Mercedes-Benz,GLK 350 4MATIC,3.5,6,18,25,21,
2014,Mitsubishi Motors Co,OUTLANDER 4WD,2.4,4,24,29,26,
2014,Mitsubishi Motors Co,OUTLANDER 4WD,3,6,20,28,23,
2014,Mitsubishi Motors Co,OUTLANDER SPORT 4WD,2,4,24,29,26,
2014,Nissan,MURANO AWD,3.5,6,18,23,20,
2014,Nissan,MURANO CrossCabriolet,3.5,6,17,22,19,
2014,Nissan,PATHFINDER 4WD,3.5,6,19,25,21,
2014,Nissan,XTERRA 4WD,4,6,15,20,17,
2014,Nissan,XTERRA 4WD,4,6,16,20,17,
2014,Subaru,FORESTER AWD,2,4,23,28,25,
2014,Subaru,FORESTER AWD,2.5,4,24,32,27,
2014,Subaru,FORESTER AWD,2.5,4,22,29,24,
2014,Subaru,OUTBACK AWD,2.5,4,24,30,26,
2014,Subaru,OUTBACK AWD,2.5,4,22,29,24,
2014,Subaru,OUTBACK AWD,3.6,6,17,25,20,
2014,Subaru,TRIBECA AWD,3.6,6,16,21,18,
2014,Subaru,XV CROSSTREK AWD,2,4,25,33,28,
2014,Subaru,XV CROSSTREK AWD,2,4,29,33,31,
2014,Subaru,XV CROSSTREK AWD,2,4,23,30,26,
2014,Toyota,FJ CRUISER 4WD,4,6,17,20,18,
2014,Toyota,FJ CRUISER 4WD,4,6,15,18,16,
2014,Toyota,VENZA 4WD,2.7,4,20,26,22,
2014,Toyota,VENZA 4WD,3.5,6,18,25,21,
2014,Volkswagen,TIGUAN 4MOTION,2,4,20,26,23,
2014,Volvo,XC60 AWD,3,6,17,24,20,
2014,Volvo,XC60 AWD,3.2,6,18,25,20,
2014,Volvo,XC70 AWD,3,6,17,24,20,
2014,Volvo,XC70 AWD,3.2,6,18,25,21,
2014,General Motors,ENCLAVE FWD,3.6,6,17,24,19,
2014,General Motors,ESCALADE 2WD,6.2,8,14,18,16,
2014,General Motors,ESCALADE ESV 2WD,6.2,8,14,18,16,
2014,General Motors,SRX 2WD,3.6,6,17,24,19,
2014,General Motors,C10 SUBURBAN 2WD,5.3,8,15,21,17,
2014,General Motors,C10 TAHOE 2WD,5.3,8,15,21,17,
2014,General Motors,TRAVERSE FWD,3.6,6,17,24,19,
2014,Chrysler Group LLC,Durango RWD,3.6,6,18,25,20,
2014,Chrysler Group LLC,Durango RWD,5.7,8,14,23,17,
2014,Ford Motor Company,EXPEDITION 2WD FFV,5.4,8,14,20,16,
2014,Ford Motor Company,EXPLORER FFV 2WD,3.5,6,17,24,20,
2014,Ford Motor Company,EXPLORER FWD,2,4,20,28,23,
2014,Ford Motor Company,EXPLORER FWD,3.5,6,17,24,20,
2014,Ford Motor Company,FLEX FWD,3.5,6,18,25,20,
2014,General Motors,ACADIA FWD,3.6,6,17,24,19,
2014,General Motors,C10 YUKON  XL 2WD,5.3,8,15,21,17,
2014,General Motors,C10 YUKON  XL 2WD,6.2,8,14,18,16,
2014,General Motors,C10 YUKON 2WD,5.3,8,15,21,17,
2014,General Motors,C10 YUKON 2WD,6.2,8,14,18,16,
2014,Nissan,QX60 FWD,2.5,4,26,28,26,
2014,Nissan,QX80 2WD,5.6,8,14,20,16,
2014,Chrysler Group LLC,Grand Cherokee 4X2,3,6,22,30,25,
2014,Chrysler Group LLC,Grand Cherokee 4X2,3.6,6,17,25,20,
2014,Chrysler Group LLC,Grand Cherokee 4X2,5.7,8,14,22,17,
2014,Ford Motor Company,MKT FWD,3.7,6,17,25,20,
2014,Ford Motor Company,NAVIGATOR 2WD FFV,5.4,8,14,20,16,
2014,Mercedes-Benz,ML 350,3.5,6,18,24,20,
2014,Nissan,ARMADA 2WD,5.6,8,13,19,15,
2014,Nissan,ARMADA 2WD,5.6,8,12,19,15,
2014,Nissan,PATHFINDER Hybrid 2WD,2.5,4,25,28,26,
2014,Toyota,4RUNNER 2WD,4,6,17,22,19,
2014,Toyota,SEQUOIA 2WD,5.7,8,13,17,15,
2014,Volvo,XC90 FWD,3.2,6,16,25,19,
2014,Audi,Q7,3,6,19,28,22,
2014,Audi,Q7,3,6,16,22,18,
2014,BMW,X5 sDrive35i,3,6,19,27,22,
2014,BMW,X5 xDrive35i,3,6,18,27,21,
2014,BMW,X5 xDrive50i,4.4,8,14,22,17,
2014,BMW,X6 M,4.4,8,13,17,15,
2014,BMW,X6 xDrive35i,3,6,17,24,20,
2014,BMW,X6 xDrive50i,4.4,8,14,21,17,
2014,General Motors,ENCLAVE AWD,3.6,6,16,22,18,
2014,General Motors,ESCALADE AWD,6.2,8,13,18,15,
2014,General Motors,ESCALADE ESV AWD,6.2,8,13,18,14,
2014,General Motors,SRX AWD,3.6,6,16,23,18,
2014,General Motors,K10 SUBURBAN 4WD,5.3,8,15,21,17,
2014,General Motors,K10 TAHOE 4WD,5.3,8,15,21,17,
2014,General Motors,TRAVERSE AWD,3.6,6,16,23,19,
2014,Chrysler Group LLC,Durango AWD,3.6,6,17,24,19,
2014,Chrysler Group LLC,Durango AWD,5.7,8,14,22,16,
2014,Ford Motor Company,EXPEDITION 4WD FFV,5.4,8,13,18,15,
2014,Ford Motor Company,EXPLORER AWD,3.5,6,17,23,19,
2014,Ford Motor Company,EXPLORER AWD,3.5,6,16,22,18,
2014,Ford Motor Company,EXPLORER FFV AWD,3.5,6,17,23,19,
2014,Ford Motor Company,FLEX AWD,3.5,6,16,23,18,
2014,Ford Motor Company,FLEX AWD,3.5,6,17,23,19,
2014,General Motors,ACADIA AWD,3.6,6,16,23,18,
2014,General Motors,K10 YUKON  4WD,5.3,8,15,21,17,
2014,General Motors,K10 YUKON DENALI AWD,6.2,8,13,18,15,
2014,General Motors,K10 YUKON XL 4WD,5.3,8,15,21,17,
2014,General Motors,K10 YUKON XL AWD,6.2,8,13,18,14,
2014,Nissan,QX60 AWD,2.5,4,25,28,26,
2014,Nissan,QX80 4WD,5.6,8,14,20,16,
2014,Chrysler Group LLC,Grand Cherokee 4X4,3,6,21,28,24,
2014,Chrysler Group LLC,Grand Cherokee 4X4,3.6,6,17,24,19,
2014,Chrysler Group LLC,Grand Cherokee 4X4,5.7,8,14,20,16,
2014,Chrysler Group LLC,Grand Cherokee SRT8,6.4,8,13,19,15,
2014,Jaguar Land Rover L,Land Rover LR4,3,6,14,19,16,
2014,Jaguar Land Rover L,Range Rover,3,6,17,23,19,
2014,Jaguar Land Rover L,Range Rover,5,8,13,19,15,
2014,Jaguar Land Rover L,Range Rover FFV,3,6,17,23,19,
2014,Jaguar Land Rover L,Range Rover FFV,5,8,14,19,16,
2014,Jaguar Land Rover L,Range Rover Sport,3,6,17,23,19,
2014,Jaguar Land Rover L,Range Rover Sport,5,8,14,19,16,
2014,Jaguar Land Rover L,Range Rover Sport FFV,3,6,17,23,19,
2014,Jaguar Land Rover L,Range Rover Sport FFV,5,8,14,19,16,
2014,Toyota,GX 460,4.6,8,15,20,17,
2014,Toyota,LX 570,5.7,8,12,17,14,
2014,Ford Motor Company,NAVIGATOR 4WD FFV,5.4,8,13,18,15,
2014,Mercedes-Benz,G 550,5.5,8,12,15,13,
2014,Mercedes-Benz,G 63 AMG,5.5,8,12,14,13,
2014,Mercedes-Benz,GL 350 BLUETEC 4MATIC,3,6,19,26,22,
2014,Mercedes-Benz,GL 450 4MATIC,4.7,8,14,19,16,
2014,Mercedes-Benz,GL 550 4MATIC,4.7,8,13,18,15,
2014,Mercedes-Benz,GL 63 AMG,5.5,8,13,17,14,
2014,Mercedes-Benz,ML 350 4MATIC,3.5,6,17,22,19,
2014,Mercedes-Benz,ML 350 4MATIC,3.5,6,17,22,19,
2014,Mercedes-Benz,ML 350 BLUETEC 4MATIC,3,6,20,28,23,
2014,Mercedes-Benz,ML 550 4MATIC,4.7,8,14,19,16,
2014,Mercedes-Benz,ML 63 AMG,5.5,8,13,17,15,
2014,Nissan,ARMADA 4WD,5.6,8,12,18,14,
2014,Nissan,ARMADA 4WD,5.6,8,12,18,14,
2014,Nissan,PATHFINDER Hybrid 4WD,2.5,4,25,27,26,
2014,Porsche,Cayenne,3.6,6,17,23,20,
2014,Porsche,Cayenne,3.6,6,15,22,17,
2014,Porsche,Cayenne Diesel,3,6,20,29,23,
2014,Porsche,Cayenne GTS,4.8,8,15,21,17,
2014,Porsche,Cayenne S,4.8,8,16,22,18,
2014,Porsche,Cayenne S Hybrid,3,6,20,24,21,
2014,Porsche,Cayenne Turbo,4.8,8,15,22,17,
2014,Porsche,Cayenne Turbo S,4.8,8,14,20,16,
2014,Toyota,4RUNNER 4WD,4,6,17,21,18,
2014,Toyota,4RUNNER 4WD,4,6,17,21,18,
2014,Toyota,LAND CRUISER WAGON 4WD,5.7,8,13,18,15,
2014,Toyota,SEQUOIA 4WD,5.7,8,13,17,14,
2014,Toyota,SEQUOIA 4WD FFV,5.7,8,13,17,14,
2014,Volkswagen,TOUAREG,3,6,20,29,23,
2014,Volkswagen,TOUAREG,3.6,6,17,23,19,
2014,Volkswagen,Touareg Hybrid,3,6,20,24,21,
2014,Volvo,XC90 AWD,3.2,6,16,23,18,
